Cleaned_Text,Sentiment
Great quality and performance,positive
Very unhappy,negative
Nothing special,negative
Very happy with the service,positive
Not recommended,negative
No strong opinion,positive
This is amazing,positive
Worst service ever,negative
Normal product,neutral
I love this product,positive
Very bad experience,negative
Average experience,neutral
Best decision ever,positive
I hate this,negative
Average experience,neutral
Very happy with the service,positive
Waste of money,negative
Acceptable quality,positive
Best decision ever,positive
I hate this,negative
No strong opinion,positive
Absolutely fantastic experience,positive
Very bad experience,negative
No strong opinion,positive
This is amazing,positive
Waste of money,negative
Acceptable quality,positive
Works perfectly,positive
Not recommended,negative
Normal product,neutral
Absolutely fantastic experience,positive
Terrible product,negative
No strong opinion,positive
Absolutely fantastic experience,positive
Very unhappy,negative
Average experience,neutral
Excellent support team,positive
Very bad experience,negative
Fine for now,positive
This is amazing,positive
Poor quality,negative
Normal product,neutral
I love this product,positive
Terrible product,negative
Average experience,neutral
Very happy with the service,positive
Very unhappy,negative
Normal product,neutral
Absolutely fantastic experience,positive
Completely useless,negative
As expected,neutral
Highly recommended,positive
Very bad experience,negative
Just okay,positive
I love this product,positive
Extremely disappointed,negative
Nothing special,negative
Super satisfied,positive
Completely useless,negative
As expected,neutral
Excellent support team,positive
Completely useless,negative
Nothing special,negative
Highly recommended,positive
Very bad experience,negative
Average experience,neutral
Very happy with the service,positive
Poor quality,negative
Nothing special,negative
Highly recommended,positive
Very unhappy,negative
Just okay,positive
Very happy with the service,positive
Extremely disappointed,negative
Fine for now,positive
Very happy with the service,positive
Completely useless,negative
Average experience,neutral
Very happy with the service,positive
Poor quality,negative
This is okay,positive
Super satisfied,positive
Completely useless,negative
As expected,neutral
Great quality and performance,positive
Not recommended,negative
Normal product,neutral
Very happy with the service,positive
Very unhappy,negative
Nothing special,negative
Absolutely fantastic experience,positive
Worst service ever,negative
No strong opinion,positive
This is amazing,positive
Poor quality,negative
Just okay,positive
Very happy with the service,positive
I hate this,negative
It works,neutral
I love this product,positive
Extremely disappointed,negative
As expected,neutral
Super satisfied,positive
I hate this,negative
Nothing special,negative
Super satisfied,positive
Not recommended,negative
It works,neutral
I love this product,positive
Completely useless,negative
Nothing special,negative
Works perfectly,positive
I hate this,negative
Average experience,neutral
Excellent support team,positive
Completely useless,negative
This is okay,positive
Highly recommended,positive
Very bad experience,negative
No strong opinion,positive
Absolutely fantastic experience,positive
Poor quality,negative
No strong opinion,positive
Highly recommended,positive
Poor quality,negative
Fine for now,positive
Very happy with the service,positive
I hate this,negative
Acceptable quality,positive
Very happy with the service,positive
Very bad experience,negative
Fine for now,positive
Best decision ever,positive
Poor quality,negative
As expected,neutral
Absolutely fantastic experience,positive
Not recommended,negative
It works,neutral
Excellent support team,positive
Terrible product,negative
Just okay,positive
Super satisfied,positive
Terrible product,negative
Nothing special,negative
Best decision ever,positive
I hate this,negative
Normal product,neutral
Very happy with the service,positive
Worst service ever,negative
No strong opinion,positive
Works perfectly,positive
Poor quality,negative
It works,neutral
Works perfectly,positive
Not recommended,negative
It works,neutral
Best decision ever,positive
Poor quality,negative
Normal product,neutral
Best decision ever,positive
Very unhappy,negative
No strong opinion,positive
Highly recommended,positive
Not recommended,negative
It works,neutral
Super satisfied,positive
Terrible product,negative
No strong opinion,positive
Very happy with the service,positive
Very unhappy,negative
It works,neutral
I love this product,positive
Extremely disappointed,negative
Nothing special,negative
Very happy with the service,positive
Poor quality,negative
Normal product,neutral
Best decision ever,positive
Very bad experience,negative
It works,neutral
I love this product,positive
Terrible product,negative
This is okay,positive
Excellent support team,positive
Completely useless,negative
Average experience,neutral
This is amazing,positive
Not recommended,negative
It works,neutral
Excellent support team,positive
Very unhappy,negative
No strong opinion,positive
Very happy with the service,positive
Terrible product,negative
Acceptable quality,positive
Great quality and performance,positive
Waste of money,negative
Just okay,positive
Super satisfied,positive
Worst service ever,negative
Average experience,neutral
Great quality and performance,positive
Not recommended,negative
As expected,neutral
Works perfectly,positive
Terrible product,negative
As expected,neutral
Excellent support team,positive
Poor quality,negative
Normal product,neutral
This is amazing,positive
I hate this,negative
Just okay,positive
I love this product,positive
Extremely disappointed,negative
No strong opinion,positive
Best decision ever,positive
Poor quality,negative
No strong opinion,positive
Works perfectly,positive
Extremely disappointed,negative
As expected,neutral
Super satisfied,positive
Terrible product,negative
It works,neutral
Best decision ever,positive
Not recommended,negative
Normal product,neutral
Absolutely fantastic experience,positive
Very bad experience,negative
As expected,neutral
Super satisfied,positive
Completely useless,negative
Normal product,neutral
Works perfectly,positive
Very bad experience,negative
Just okay,positive
Absolutely fantastic experience,positive
Terrible product,negative
Acceptable quality,positive
Excellent support team,positive
I hate this,negative
Normal product,neutral
Super satisfied,positive
Completely useless,negative
No strong opinion,positive
Great quality and performance,positive
Very unhappy,negative
No strong opinion,positive
Absolutely fantastic experience,positive
I hate this,negative
Fine for now,positive
Excellent support team,positive
Extremely disappointed,negative
Just okay,positive
Very happy with the service,positive
Very unhappy,negative
Fine for now,positive
Absolutely fantastic experience,positive
Not recommended,negative
Normal product,neutral
Great quality and performance,positive
Very bad experience,negative
Just okay,positive
Very happy with the service,positive
Worst service ever,negative
This is okay,positive
Very happy with the service,positive
Terrible product,negative
Normal product,neutral
Excellent support team,positive
Extremely disappointed,negative
It works,neutral
Great quality and performance,positive
Very bad experience,negative
It works,neutral
Highly recommended,positive
Poor quality,negative
It works,neutral
Works perfectly,positive
Worst service ever,negative
It works,neutral
Works perfectly,positive
Very unhappy,negative
Acceptable quality,positive
Super satisfied,positive
I hate this,negative
Acceptable quality,positive
This is amazing,positive
Extremely disappointed,negative
Nothing special,negative
This is amazing,positive
Poor quality,negative
Average experience,neutral
Works perfectly,positive
Completely useless,negative
Fine for now,positive
Best decision ever,positive
Very bad experience,negative
Nothing special,negative
This is amazing,positive
Not recommended,negative
Nothing special,negative
Excellent support team,positive
Poor quality,negative
No strong opinion,positive
Highly recommended,positive
Waste of money,negative
Fine for now,positive
Super satisfied,positive
Completely useless,negative
No strong opinion,positive
Very happy with the service,positive
Very unhappy,negative
This is okay,positive
This is amazing,positive
Terrible product,negative
No strong opinion,positive
Excellent support team,positive
Not recommended,negative
It works,neutral
Best decision ever,positive
Waste of money,negative
This is okay,positive
Excellent support team,positive
Terrible product,negative
Just okay,positive
I love this product,positive
Completely useless,negative
Just okay,positive
Great quality and performance,positive
Waste of money,negative
Just okay,positive
Absolutely fantastic experience,positive
Waste of money,negative
Normal product,neutral
Excellent support team,positive
Completely useless,negative
No strong opinion,positive
Super satisfied,positive
Very unhappy,negative
Normal product,neutral
Absolutely fantastic experience,positive
Very unhappy,negative
Average experience,neutral
Absolutely fantastic experience,positive
I hate this,negative
This is okay,positive
Highly recommended,positive
I hate this,negative
Fine for now,positive
I love this product,positive
Completely useless,negative
As expected,neutral
Highly recommended,positive
Extremely disappointed,negative
As expected,neutral
Excellent support team,positive
Very unhappy,negative
Nothing special,negative
Best decision ever,positive
Very bad experience,negative
Just okay,positive
Absolutely fantastic experience,positive
Terrible product,negative
No strong opinion,positive
Excellent support team,positive
Not recommended,negative
Normal product,neutral
Excellent support team,positive
I hate this,negative
It works,neutral
Best decision ever,positive
Very bad experience,negative
Acceptable quality,positive
Excellent support team,positive
Very bad experience,negative
As expected,neutral
Works perfectly,positive
Not recommended,negative
Acceptable quality,positive
Super satisfied,positive
Completely useless,negative
Average experience,neutral
Great quality and performance,positive
Worst service ever,negative
As expected,neutral
Works perfectly,positive
Very bad experience,negative
Acceptable quality,positive
Great quality and performance,positive
Very unhappy,negative
Acceptable quality,positive
Very happy with the service,positive
Waste of money,negative
No strong opinion,positive
I love this product,positive
Very unhappy,negative
This is okay,positive
Highly recommended,positive
I hate this,negative
No strong opinion,positive
I love this product,positive
Extremely disappointed,negative
As expected,neutral
This is amazing,positive
Very unhappy,negative
This is okay,positive
Absolutely fantastic experience,positive
Poor quality,negative
Just okay,positive
Absolutely fantastic experience,positive
Extremely disappointed,negative
It works,neutral
Excellent support team,positive
Poor quality,negative
Normal product,neutral
Best decision ever,positive
Completely useless,negative
Just okay,positive
Absolutely fantastic experience,positive
Poor quality,negative
Just okay,positive
I love this product,positive
Extremely disappointed,negative
As expected,neutral
Best decision ever,positive
Waste of money,negative
This is okay,positive
Super satisfied,positive
Not recommended,negative
It works,neutral
Best decision ever,positive
Very bad experience,negative
As expected,neutral
Great quality and performance,positive
Not recommended,negative
Normal product,neutral
Super satisfied,positive
Worst service ever,negative
Nothing special,negative
Excellent support team,positive
Poor quality,negative
Nothing special,negative
Excellent support team,positive
Waste of money,negative
This is okay,positive
This is amazing,positive
Terrible product,negative
As expected,neutral
Very happy with the service,positive
Terrible product,negative
Average experience,neutral
Works perfectly,positive
Not recommended,negative
No strong opinion,positive
Very happy with the service,positive
Not recommended,negative
It works,neutral
Best decision ever,positive
Extremely disappointed,negative
As expected,neutral
I love this product,positive
Extremely disappointed,negative
Normal product,neutral
Absolutely fantastic experience,positive
Waste of money,negative
As expected,neutral
Great quality and performance,positive
Waste of money,negative
No strong opinion,positive
Very happy with the service,positive
Not recommended,negative
Acceptable quality,positive
Highly recommended,positive
Completely useless,negative
No strong opinion,positive
Best decision ever,positive
Worst service ever,negative
Fine for now,positive
Works perfectly,positive
Very unhappy,negative
Average experience,neutral
Excellent support team,positive
Extremely disappointed,negative
Average experience,neutral
I love this product,positive
Worst service ever,negative
Nothing special,negative
Great quality and performance,positive
Waste of money,negative
Fine for now,positive
Great quality and performance,positive
Very bad experience,negative
Normal product,neutral
Best decision ever,positive
Very unhappy,negative
Nothing special,negative
Great quality and performance,positive
Very bad experience,negative
Fine for now,positive
Absolutely fantastic experience,positive
Completely useless,negative
Nothing special,negative
This is amazing,positive
Completely useless,negative
Average experience,neutral
Very happy with the service,positive
Extremely disappointed,negative
This is okay,positive
Highly recommended,positive
Extremely disappointed,negative
This is okay,positive
Highly recommended,positive
Extremely disappointed,negative
Average experience,neutral
Absolutely fantastic experience,positive
Poor quality,negative
No strong opinion,positive
Very happy with the service,positive
Extremely disappointed,negative
Just okay,positive
Great quality and performance,positive
Extremely disappointed,negative
Acceptable quality,positive
Super satisfied,positive
Not recommended,negative
This is okay,positive
Absolutely fantastic experience,positive
Worst service ever,negative
Just okay,positive
This is amazing,positive
Poor quality,negative
No strong opinion,positive
Best decision ever,positive
Not recommended,negative
It works,neutral
Highly recommended,positive
Extremely disappointed,negative
Average experience,neutral
I love this product,positive
I hate this,negative
Fine for now,positive
I love this product,positive
Terrible product,negative
No strong opinion,positive
Best decision ever,positive
Very unhappy,negative
Normal product,neutral
Best decision ever,positive
I hate this,negative
Nothing special,negative
Great quality and performance,positive
I hate this,negative
Nothing special,negative
Very happy with the service,positive
Extremely disappointed,negative
No strong opinion,positive
Works perfectly,positive
Extremely disappointed,negative
Just okay,positive
Highly recommended,positive
Very unhappy,negative
It works,neutral
Best decision ever,positive
Very unhappy,negative
It works,neutral
I love this product,positive
Extremely disappointed,negative
This is okay,positive
Best decision ever,positive
Very unhappy,negative
Nothing special,negative
Works perfectly,positive
Very bad experience,negative
No strong opinion,positive
Great quality and performance,positive
Poor quality,negative
Acceptable quality,positive
Absolutely fantastic experience,positive
Waste of money,negative
Just okay,positive
Highly recommended,positive
Very bad experience,negative
As expected,neutral
This is amazing,positive
Poor quality,negative
It works,neutral
Best decision ever,positive
Terrible product,negative
Just okay,positive
Works perfectly,positive
Poor quality,negative
This is okay,positive
I love this product,positive
Worst service ever,negative
No strong opinion,positive
Excellent support team,positive
Waste of money,negative
Fine for now,positive
Highly recommended,positive
Very unhappy,negative
This is okay,positive
Very happy with the service,positive
Not recommended,negative
As expected,neutral
This is amazing,positive
Not recommended,negative
Average experience,neutral
Absolutely fantastic experience,positive
Terrible product,negative
Acceptable quality,positive
Best decision ever,positive
Poor quality,negative
Nothing special,negative
Works perfectly,positive
Not recommended,negative
It works,neutral
Excellent support team,positive
Worst service ever,negative
No strong opinion,positive
This is amazing,positive
Poor quality,negative
It works,neutral
Great quality and performance,positive
Very bad experience,negative
Fine for now,positive
Super satisfied,positive
Very bad experience,negative
As expected,neutral
Highly recommended,positive
Completely useless,negative
This is okay,positive
Works perfectly,positive
Extremely disappointed,negative
No strong opinion,positive
Very happy with the service,positive
Completely useless,negative
No strong opinion,positive
This is amazing,positive
Poor quality,negative
No strong opinion,positive
I love this product,positive
I hate this,negative
Acceptable quality,positive
Highly recommended,positive
Worst service ever,negative
This is okay,positive
Super satisfied,positive
Completely useless,negative
Nothing special,negative
This is amazing,positive
Very bad experience,negative
Fine for now,positive
Super satisfied,positive
Terrible product,negative
Just okay,positive
Excellent support team,positive
Worst service ever,negative
Acceptable quality,positive
Excellent support team,positive
Very unhappy,negative
No strong opinion,positive
This is amazing,positive
Very unhappy,negative
Average experience,neutral
Excellent support team,positive
Worst service ever,negative
It works,neutral
This is amazing,positive
Extremely disappointed,negative
Just okay,positive
This is amazing,positive
Poor quality,negative
This is okay,positive
Very happy with the service,positive
Waste of money,negative
Average experience,neutral
Absolutely fantastic experience,positive
Terrible product,negative
As expected,neutral
Absolutely fantastic experience,positive
Very bad experience,negative
As expected,neutral
Excellent support team,positive
Terrible product,negative
No strong opinion,positive
Works perfectly,positive
Worst service ever,negative
No strong opinion,positive
Super satisfied,positive
Very bad experience,negative
As expected,neutral
Excellent support team,positive
Terrible product,negative
Fine for now,positive
Best decision ever,positive
Completely useless,negative
As expected,neutral
Great quality and performance,positive
Very bad experience,negative
Just okay,positive
Super satisfied,positive
Worst service ever,negative
Normal product,neutral
Excellent support team,positive
Completely useless,negative
No strong opinion,positive
Absolutely fantastic experience,positive
Poor quality,negative
Normal product,neutral
Works perfectly,positive
Poor quality,negative
Acceptable quality,positive
I love this product,positive
Very bad experience,negative
Fine for now,positive
Super satisfied,positive
I hate this,negative
Average experience,neutral
This is amazing,positive
Extremely disappointed,negative
Acceptable quality,positive
Great quality and performance,positive
Waste of money,negative
Just okay,positive
Excellent support team,positive
Very unhappy,negative
As expected,neutral
This is amazing,positive
Waste of money,negative
It works,neutral
Excellent support team,positive
I hate this,negative
Just okay,positive
Very happy with the service,positive
Not recommended,negative
No strong opinion,positive
This is amazing,positive
Worst service ever,negative
Fine for now,positive
Great quality and performance,positive
Very bad experience,negative
It works,neutral
This is amazing,positive
Waste of money,negative
Normal product,neutral
Absolutely fantastic experience,positive
Terrible product,negative
This is okay,positive
Super satisfied,positive
Completely useless,negative
This is okay,positive
Works perfectly,positive
Extremely disappointed,negative
No strong opinion,positive
Best decision ever,positive
Very unhappy,negative
Average experience,neutral
Great quality and performance,positive
Very unhappy,negative
This is okay,positive
Excellent support team,positive
Waste of money,negative
This is okay,positive
Excellent support team,positive
Very bad experience,negative
Fine for now,positive
Excellent support team,positive
Completely useless,negative
Average experience,neutral
Highly recommended,positive
Extremely disappointed,negative
Average experience,neutral
Absolutely fantastic experience,positive
Very bad experience,negative
Nothing special,negative
Excellent support team,positive
Extremely disappointed,negative
No strong opinion,positive
Works perfectly,positive
Extremely disappointed,negative
Average experience,neutral
Works perfectly,positive
Not recommended,negative
As expected,neutral
Excellent support team,positive
Very bad experience,negative
Average experience,neutral
I love this product,positive
I hate this,negative
This is okay,positive
Highly recommended,positive
Poor quality,negative
This is okay,positive
Works perfectly,positive
Very bad experience,negative
Normal product,neutral
Absolutely fantastic experience,positive
Very unhappy,negative
This is okay,positive
Best decision ever,positive
Terrible product,negative
This is okay,positive
Excellent support team,positive
Terrible product,negative
Fine for now,positive
Highly recommended,positive
Worst service ever,negative
It works,neutral
This is amazing,positive
I hate this,negative
Just okay,positive
I love this product,positive
Extremely disappointed,negative
No strong opinion,positive
Works perfectly,positive
Very bad experience,negative
It works,neutral
Excellent support team,positive
Waste of money,negative
Average experience,neutral
This is amazing,positive
Extremely disappointed,negative
Nothing special,negative
Works perfectly,positive
Very unhappy,negative
It works,neutral
Excellent support team,positive
Not recommended,negative
Normal product,neutral
This is amazing,positive
Completely useless,negative
Average experience,neutral
Super satisfied,positive
Waste of money,negative
Just okay,positive
Great quality and performance,positive
Completely useless,negative
As expected,neutral
Excellent support team,positive
Not recommended,negative
Average experience,neutral
I love this product,positive
Terrible product,negative
Fine for now,positive
This is amazing,positive
Worst service ever,negative
This is okay,positive
Absolutely fantastic experience,positive
Worst service ever,negative
Nothing special,negative
Absolutely fantastic experience,positive
Worst service ever,negative
Nothing special,negative
Works perfectly,positive
Not recommended,negative
Normal product,neutral
Super satisfied,positive
Not recommended,negative
This is okay,positive
Works perfectly,positive
Not recommended,negative
Just okay,positive
Great quality and performance,positive
Not recommended,negative
This is okay,positive
Absolutely fantastic experience,positive
Not recommended,negative
Average experience,neutral
I love this product,positive
Waste of money,negative
This is okay,positive
This is amazing,positive
Worst service ever,negative
Nothing special,negative
Highly recommended,positive
Not recommended,negative
No strong opinion,positive
Best decision ever,positive
Very unhappy,negative
Fine for now,positive
Super satisfied,positive
Very bad experience,negative
Average experience,neutral
Super satisfied,positive
Poor quality,negative
No strong opinion,positive
Highly recommended,positive
Waste of money,negative
Just okay,positive
Absolutely fantastic experience,positive
Waste of money,negative
Average experience,neutral
Excellent support team,positive
Very unhappy,negative
Average experience,neutral
Very happy with the service,positive
Extremely disappointed,negative
No strong opinion,positive
Super satisfied,positive
Not recommended,negative
No strong opinion,positive
Very happy with the service,positive
Very unhappy,negative
Acceptable quality,positive
Excellent support team,positive
Very bad experience,negative
This is okay,positive
Excellent support team,positive
Extremely disappointed,negative
Just okay,positive
Very happy with the service,positive
Waste of money,negative
This is okay,positive
Excellent support team,positive
Terrible product,negative
This is okay,positive
Works perfectly,positive
Completely useless,negative
Fine for now,positive
Great quality and performance,positive
Waste of money,negative
Acceptable quality,positive
Great quality and performance,positive
Poor quality,negative
No strong opinion,positive
Very happy with the service,positive
I hate this,negative
Acceptable quality,positive
Excellent support team,positive
Very unhappy,negative
This is okay,positive
This is amazing,positive
Waste of money,negative
Acceptable quality,positive
I love this product,positive
Terrible product,negative
Nothing special,negative
Great quality and performance,positive
Very unhappy,negative
This is okay,positive
I love this product,positive
Poor quality,negative
Just okay,positive
Absolutely fantastic experience,positive
Poor quality,negative
Average experience,neutral
Great quality and performance,positive
Poor quality,negative
Acceptable quality,positive
Highly recommended,positive
Poor quality,negative
Normal product,neutral
I love this product,positive
Extremely disappointed,negative
Fine for now,positive
Excellent support team,positive
Waste of money,negative
It works,neutral
Great quality and performance,positive
Worst service ever,negative
Average experience,neutral
Excellent support team,positive
Very unhappy,negative
No strong opinion,positive
Best decision ever,positive
I hate this,negative
As expected,neutral
Great quality and performance,positive
Worst service ever,negative
It works,neutral
Excellent support team,positive
Terrible product,negative
Fine for now,positive
Best decision ever,positive
Extremely disappointed,negative
No strong opinion,positive
Absolutely fantastic experience,positive
Completely useless,negative
Just okay,positive
This is amazing,positive
I hate this,negative
It works,neutral
Very happy with the service,positive
Completely useless,negative
Fine for now,positive
Super satisfied,positive
Waste of money,negative
It works,neutral
I love this product,positive
Very unhappy,negative
Average experience,neutral
Absolutely fantastic experience,positive
I hate this,negative
Just okay,positive
Best decision ever,positive
Very bad experience,negative
Fine for now,positive
Very happy with the service,positive
I hate this,negative
Normal product,neutral
Great quality and performance,positive
Worst service ever,negative
No strong opinion,positive
Works perfectly,positive
Worst service ever,negative
Acceptable quality,positive
Highly recommended,positive
Worst service ever,negative
Average experience,neutral
This is amazing,positive
Extremely disappointed,negative
Just okay,positive
This is amazing,positive
Waste of money,negative
Average experience,neutral
Great quality and performance,positive
Completely useless,negative
Just okay,positive
Very happy with the service,positive
Poor quality,negative
Fine for now,positive
Works perfectly,positive
Extremely disappointed,negative
This is okay,positive
Highly recommended,positive
Completely useless,negative
Just okay,positive
Super satisfied,positive
Very bad experience,negative
Average experience,neutral
Absolutely fantastic experience,positive
Terrible product,negative
As expected,neutral
Excellent support team,positive
Poor quality,negative
Nothing special,negative
Highly recommended,positive
Very unhappy,negative
Fine for now,positive
This is amazing,positive
Very bad experience,negative
Nothing special,negative
Super satisfied,positive
Very unhappy,negative
Normal product,neutral
Best decision ever,positive
I hate this,negative
Nothing special,negative
Very happy with the service,positive
Worst service ever,negative
No strong opinion,positive
Works perfectly,positive
Terrible product,negative
Fine for now,positive
Very happy with the service,positive
Not recommended,negative
Fine for now,positive
Super satisfied,positive
Terrible product,negative
Average experience,neutral
Excellent support team,positive
Very unhappy,negative
Acceptable quality,positive
I love this product,positive
Poor quality,negative
Normal product,neutral
This is amazing,positive
Worst service ever,negative
Nothing special,negative
Super satisfied,positive
Very bad experience,negative
Fine for now,positive
I love this product,positive
Poor quality,negative
Normal product,neutral
Highly recommended,positive
Not recommended,negative
Acceptable quality,positive
Works perfectly,positive
Poor quality,negative
Normal product,neutral
Great quality and performance,positive
Extremely disappointed,negative
Just okay,positive
Best decision ever,positive
Worst service ever,negative
Nothing special,negative
Best decision ever,positive
Worst service ever,negative
As expected,neutral
Very happy with the service,positive
Completely useless,negative
Normal product,neutral
Absolutely fantastic experience,positive
Worst service ever,negative
Fine for now,positive
Absolutely fantastic experience,positive
Poor quality,negative
As expected,neutral
Very happy with the service,positive
Extremely disappointed,negative
Acceptable quality,positive
Works perfectly,positive
I hate this,negative
Fine for now,positive
Highly recommended,positive
Very bad experience,negative
No strong opinion,positive
This is amazing,positive
Completely useless,negative
Fine for now,positive
This is amazing,positive
Not recommended,negative
Just okay,positive
Very happy with the service,positive
Very bad experience,negative
No strong opinion,positive
This is amazing,positive
Poor quality,negative
As expected,neutral
Excellent support team,positive
Not recommended,negative
No strong opinion,positive
Highly recommended,positive
Worst service ever,negative
As expected,neutral
This is amazing,positive
Extremely disappointed,negative
Nothing special,negative
Super satisfied,positive
Very unhappy,negative
As expected,neutral
Absolutely fantastic experience,positive
Very unhappy,negative
Nothing special,negative
Great quality and performance,positive
Waste of money,negative
Just okay,positive
Super satisfied,positive
Very bad experience,negative
It works,neutral
Super satisfied,positive
Very bad experience,negative
Nothing special,negative
Highly recommended,positive
Extremely disappointed,negative
Normal product,neutral
I love this product,positive
I hate this,negative
Fine for now,positive
Excellent support team,positive
Not recommended,negative
Nothing special,negative
Best decision ever,positive
Poor quality,negative
Fine for now,positive
Best decision ever,positive
Waste of money,negative
Nothing special,negative
Highly recommended,positive
Very unhappy,negative
As expected,neutral
Best decision ever,positive
Poor quality,negative
As expected,neutral
Very happy with the service,positive
Very bad experience,negative
Fine for now,positive
This is amazing,positive
Worst service ever,negative
No strong opinion,positive
Super satisfied,positive
Very bad experience,negative
This is okay,positive
Very happy with the service,positive
Not recommended,negative
Acceptable quality,positive
Absolutely fantastic experience,positive
I hate this,negative
Average experience,neutral
Highly recommended,positive
Poor quality,negative
This is okay,positive
Works perfectly,positive
Completely useless,negative
Just okay,positive
Absolutely fantastic experience,positive
Completely useless,negative
Acceptable quality,positive
Highly recommended,positive
Waste of money,negative
Nothing special,negative
Absolutely fantastic experience,positive
Worst service ever,negative
Fine for now,positive
Very happy with the service,positive
Extremely disappointed,negative
It works,neutral
Great quality and performance,positive
Terrible product,negative
No strong opinion,positive
Super satisfied,positive
Waste of money,negative
Average experience,neutral
Highly recommended,positive
Completely useless,negative
No strong opinion,positive
Highly recommended,positive
Extremely disappointed,negative
Acceptable quality,positive
Super satisfied,positive
Extremely disappointed,negative
Fine for now,positive
Excellent support team,positive
Terrible product,negative
As expected,neutral
Works perfectly,positive
Very bad experience,negative
It works,neutral
I love this product,positive
Worst service ever,negative
Acceptable quality,positive
Great quality and performance,positive
Worst service ever,negative
Just okay,positive
Super satisfied,positive
Waste of money,negative
Average experience,neutral
Best decision ever,positive
Terrible product,negative
As expected,neutral
This is amazing,positive
Very bad experience,negative
Nothing special,negative
I love this product,positive
Completely useless,negative
No strong opinion,positive
Best decision ever,positive
Not recommended,negative
As expected,neutral
Highly recommended,positive
Completely useless,negative
No strong opinion,positive
Great quality and performance,positive
Very unhappy,negative
Fine for now,positive
Excellent support team,positive
I hate this,negative
As expected,neutral
Great quality and performance,positive
Completely useless,negative
Just okay,positive
This is amazing,positive
Terrible product,negative
Fine for now,positive
Super satisfied,positive
I hate this,negative
Just okay,positive
I love this product,positive
Very unhappy,negative
Nothing special,negative
Excellent support team,positive
Extremely disappointed,negative
Average experience,neutral
Super satisfied,positive
Not recommended,negative
This is okay,positive
Works perfectly,positive
Worst service ever,negative
No strong opinion,positive
This is amazing,positive
Waste of money,negative
Nothing special,negative
Highly recommended,positive
Very bad experience,negative
It works,neutral
Great quality and performance,positive
Waste of money,negative
This is okay,positive
Works perfectly,positive
Waste of money,negative
It works,neutral
Absolutely fantastic experience,positive
Terrible product,negative
No strong opinion,positive
Highly recommended,positive
Not recommended,negative
This is okay,positive
Very happy with the service,positive
Very bad experience,negative
Nothing special,negative
Excellent support team,positive
Worst service ever,negative
Fine for now,positive
Best decision ever,positive
Very unhappy,negative
Normal product,neutral
Highly recommended,positive
I hate this,negative
This is okay,positive
Super satisfied,positive
Extremely disappointed,negative
It works,neutral
Excellent support team,positive
Completely useless,negative
No strong opinion,positive
Very happy with the service,positive
Not recommended,negative
Average experience,neutral
Highly recommended,positive
I hate this,negative
As expected,neutral
This is amazing,positive
I hate this,negative
Normal product,neutral
Best decision ever,positive
Not recommended,negative
Just okay,positive
Great quality and performance,positive
Extremely disappointed,negative
Nothing special,negative
Super satisfied,positive
Very unhappy,negative
Acceptable quality,positive
Excellent support team,positive
Waste of money,negative
As expected,neutral
I love this product,positive
Very unhappy,negative
This is okay,positive
Best decision ever,positive
Very bad experience,negative
As expected,neutral
Great quality and performance,positive
Very unhappy,negative
As expected,neutral
Very happy with the service,positive
Completely useless,negative
It works,neutral
Absolutely fantastic experience,positive
Completely useless,negative
Nothing special,negative
Excellent support team,positive
Very bad experience,negative
No strong opinion,positive
Works perfectly,positive
I hate this,negative
Normal product,neutral
I love this product,positive
Poor quality,negative
It works,neutral
Super satisfied,positive
Poor quality,negative
Acceptable quality,positive
This is amazing,positive
Waste of money,negative
This is okay,positive
Super satisfied,positive
Completely useless,negative
Just okay,positive
Best decision ever,positive
Waste of money,negative
Fine for now,positive
Great quality and performance,positive
Worst service ever,negative
Acceptable quality,positive
Best decision ever,positive
Very unhappy,negative
Acceptable quality,positive
Best decision ever,positive
Very bad experience,negative
No strong opinion,positive
Absolutely fantastic experience,positive
Not recommended,negative
Normal product,neutral
Excellent support team,positive
Not recommended,negative
Just okay,positive
Very happy with the service,positive
Not recommended,negative
Fine for now,positive
Very happy with the service,positive
Worst service ever,negative
Average experience,neutral
Very happy with the service,positive
Very bad experience,negative
Average experience,neutral
Excellent support team,positive
Completely useless,negative
As expected,neutral
Excellent support team,positive
Terrible product,negative
Acceptable quality,positive
Best decision ever,positive
Worst service ever,negative
As expected,neutral
Great quality and performance,positive
Not recommended,negative
As expected,neutral
Super satisfied,positive
Very unhappy,negative
Nothing special,negative
Absolutely fantastic experience,positive
I hate this,negative
Average experience,neutral
Works perfectly,positive
Not recommended,negative
Acceptable quality,positive
Absolutely fantastic experience,positive
Terrible product,negative
Normal product,neutral
This is amazing,positive
Very bad experience,negative
Nothing special,negative
Excellent support team,positive
I hate this,negative
Nothing special,negative
Works perfectly,positive
I hate this,negative
Nothing special,negative
This is amazing,positive
I hate this,negative
This is okay,positive
Best decision ever,positive
Completely useless,negative
Fine for now,positive
Excellent support team,positive
Very bad experience,negative
As expected,neutral
Excellent support team,positive
Very unhappy,negative
As expected,neutral
Works perfectly,positive
Poor quality,negative
Normal product,neutral
Highly recommended,positive
Poor quality,negative
No strong opinion,positive
Best decision ever,positive
I hate this,negative
No strong opinion,positive
I love this product,positive
Waste of money,negative
This is okay,positive
Excellent support team,positive
Waste of money,negative
No strong opinion,positive
Best decision ever,positive
Worst service ever,negative
This is okay,positive
This is amazing,positive
Completely useless,negative
Just okay,positive
Highly recommended,positive
Very unhappy,negative
No strong opinion,positive
Excellent support team,positive
Completely useless,negative
As expected,neutral
Very happy with the service,positive
Terrible product,negative
Acceptable quality,positive
Highly recommended,positive
Extremely disappointed,negative
Nothing special,negative
Highly recommended,positive
Completely useless,negative
Normal product,neutral
Works perfectly,positive
Worst service ever,negative
Normal product,neutral
Best decision ever,positive
Very bad experience,negative
Normal product,neutral
I love this product,positive
Worst service ever,negative
No strong opinion,positive
Best decision ever,positive
Completely useless,negative
This is okay,positive
Works perfectly,positive
Poor quality,negative
Nothing special,negative
Super satisfied,positive
Extremely disappointed,negative
Normal product,neutral
Very happy with the service,positive
Not recommended,negative
Nothing special,negative
This is amazing,positive
I hate this,negative
No strong opinion,positive
I love this product,positive
Poor quality,negative
Acceptable quality,positive
Best decision ever,positive
Poor quality,negative
No strong opinion,positive
Best decision ever,positive
Poor quality,negative
This is okay,positive
Very happy with the service,positive
Very bad experience,negative
Just okay,positive
Absolutely fantastic experience,positive
Very bad experience,negative
It works,neutral
This is amazing,positive
Very unhappy,negative
It works,neutral
I love this product,positive
Terrible product,negative
Fine for now,positive
Best decision ever,positive
Not recommended,negative
Acceptable quality,positive
Excellent support team,positive
Not recommended,negative
This is okay,positive
Great quality and performance,positive
I hate this,negative
Acceptable quality,positive
I love this product,positive
Very bad experience,negative
Nothing special,negative
Highly recommended,positive
Very bad experience,negative
This is okay,positive
This is amazing,positive
Very bad experience,negative
Normal product,neutral
Highly recommended,positive
Worst service ever,negative
Fine for now,positive
Very happy with the service,positive
Completely useless,negative
Nothing special,negative
Works perfectly,positive
Extremely disappointed,negative
Nothing special,negative
This is amazing,positive
Waste of money,negative
Acceptable quality,positive
Best decision ever,positive
Very bad experience,negative
Fine for now,positive
This is amazing,positive
Terrible product,negative
It works,neutral
I love this product,positive
I hate this,negative
Acceptable quality,positive
Absolutely fantastic experience,positive
Worst service ever,negative
It works,neutral
Absolutely fantastic experience,positive
Waste of money,negative
No strong opinion,positive
Super satisfied,positive
Terrible product,negative
As expected,neutral
Super satisfied,positive
Worst service ever,negative
Acceptable quality,positive
Excellent support team,positive
I hate this,negative
This is okay,positive
Great quality and performance,positive
Waste of money,negative
Acceptable quality,positive
Works perfectly,positive
Poor quality,negative
Fine for now,positive
This is amazing,positive
Extremely disappointed,negative
Acceptable quality,positive
Very happy with the service,positive
Very unhappy,negative
Average experience,neutral
Highly recommended,positive
I hate this,negative
Average experience,neutral
Excellent support team,positive
Completely useless,negative
Fine for now,positive
Super satisfied,positive
Poor quality,negative
Fine for now,positive
Super satisfied,positive
Poor quality,negative
Acceptable quality,positive
Best decision ever,positive
Extremely disappointed,negative
Fine for now,positive
Absolutely fantastic experience,positive
I hate this,negative
Fine for now,positive
Super satisfied,positive
Not recommended,negative
No strong opinion,positive
Best decision ever,positive
Terrible product,negative
This is okay,positive
Highly recommended,positive
Extremely disappointed,negative
Nothing special,negative
Best decision ever,positive
Very bad experience,negative
Just okay,positive
Works perfectly,positive
Very unhappy,negative
Acceptable quality,positive
Excellent support team,positive
I hate this,negative
Average experience,neutral
Great quality and performance,positive
Very unhappy,negative
This is okay,positive
Works perfectly,positive
Not recommended,negative
Fine for now,positive
Very happy with the service,positive
Very bad experience,negative
It works,neutral
I love this product,positive
Not recommended,negative
This is okay,positive
Super satisfied,positive
Worst service ever,negative
This is okay,positive
Excellent support team,positive
Extremely disappointed,negative
It works,neutral
Highly recommended,positive
Very unhappy,negative
Nothing special,negative
Great quality and performance,positive
Waste of money,negative
As expected,neutral
Great quality and performance,positive
Extremely disappointed,negative
Nothing special,negative
Best decision ever,positive
Waste of money,negative
Fine for now,positive
Super satisfied,positive
Worst service ever,negative
Fine for now,positive
This is amazing,positive
Completely useless,negative
As expected,neutral
This is amazing,positive
Not recommended,negative
Just okay,positive
I love this product,positive
Terrible product,negative
As expected,neutral
Excellent support team,positive
Poor quality,negative
Average experience,neutral
Very happy with the service,positive
Very unhappy,negative
Acceptable quality,positive
Best decision ever,positive
Very bad experience,negative
Just okay,positive
Super satisfied,positive
I hate this,negative
Average experience,neutral
Very happy with the service,positive
Extremely disappointed,negative
Acceptable quality,positive
Excellent support team,positive
I hate this,negative
Fine for now,positive
Highly recommended,positive
Very unhappy,negative
Normal product,neutral
Highly recommended,positive
Worst service ever,negative
Fine for now,positive
Great quality and performance,positive
Very bad experience,negative
Acceptable quality,positive
Highly recommended,positive
Worst service ever,negative
Acceptable quality,positive
This is amazing,positive
Terrible product,negative
Normal product,neutral
Works perfectly,positive
Poor quality,negative
As expected,neutral
Very happy with the service,positive
Not recommended,negative
As expected,neutral
Works perfectly,positive
Extremely disappointed,negative
It works,neutral
Absolutely fantastic experience,positive
Waste of money,negative
Acceptable quality,positive
Highly recommended,positive
Completely useless,negative
It works,neutral
Highly recommended,positive
I hate this,negative
This is okay,positive
Best decision ever,positive
Extremely disappointed,negative
As expected,neutral
Great quality and performance,positive
Very bad experience,negative
Normal product,neutral
Absolutely fantastic experience,positive
Waste of money,negative
It works,neutral
Great quality and performance,positive
Extremely disappointed,negative
Acceptable quality,positive
Super satisfied,positive
Very bad experience,negative
Nothing special,negative
Absolutely fantastic experience,positive
Poor quality,negative
Average experience,neutral
Works perfectly,positive
Poor quality,negative
Just okay,positive
Highly recommended,positive
Waste of money,negative
It works,neutral
Works perfectly,positive
Completely useless,negative
Fine for now,positive
Great quality and performance,positive
Waste of money,negative
Acceptable quality,positive
This is amazing,positive
I hate this,negative
Normal product,neutral
Super satisfied,positive
Not recommended,negative
Acceptable quality,positive
Best decision ever,positive
Very bad experience,negative
Nothing special,negative
Excellent support team,positive
Extremely disappointed,negative
Acceptable quality,positive
Highly recommended,positive
Very bad experience,negative
It works,neutral
Works perfectly,positive
Waste of money,negative
Average experience,neutral
Works perfectly,positive
Terrible product,negative
This is okay,positive
Excellent support team,positive
Terrible product,negative
Average experience,neutral
Super satisfied,positive
Very unhappy,negative
Fine for now,positive
Works perfectly,positive
Very bad experience,negative
Normal product,neutral
Great quality and performance,positive
I hate this,negative
Fine for now,positive
Best decision ever,positive
Extremely disappointed,negative
Nothing special,negative
Highly recommended,positive
Worst service ever,negative
No strong opinion,positive
Great quality and performance,positive
Terrible product,negative
This is okay,positive
I love this product,positive
Completely useless,negative
Nothing special,negative
This is amazing,positive
Not recommended,negative
Acceptable quality,positive
Very happy with the service,positive
Very bad experience,negative
As expected,neutral
I love this product,positive
Very bad experience,negative
Acceptable quality,positive
Best decision ever,positive
Completely useless,negative
It works,neutral
Works perfectly,positive
Completely useless,negative
Fine for now,positive
This is amazing,positive
Poor quality,negative
Nothing special,negative
Super satisfied,positive
Completely useless,negative
Fine for now,positive
Absolutely fantastic experience,positive
Poor quality,negative
Normal product,neutral
Highly recommended,positive
Very bad experience,negative
Fine for now,positive
Highly recommended,positive
I hate this,negative
Just okay,positive
Great quality and performance,positive
Terrible product,negative
Fine for now,positive
Very happy with the service,positive
Very unhappy,negative
Average experience,neutral
Works perfectly,positive
Not recommended,negative
No strong opinion,positive
Best decision ever,positive
Poor quality,negative
Average experience,neutral
Very happy with the service,positive
Very unhappy,negative
Fine for now,positive
Great quality and performance,positive
Worst service ever,negative
Acceptable quality,positive
Best decision ever,positive
Extremely disappointed,negative
No strong opinion,positive
Highly recommended,positive
Worst service ever,negative
Nothing special,negative
Highly recommended,positive
Poor quality,negative
Nothing special,negative
Highly recommended,positive
Not recommended,negative
Normal product,neutral
Highly recommended,positive
Terrible product,negative
Fine for now,positive
This is amazing,positive
Terrible product,negative
Acceptable quality,positive
I love this product,positive
Waste of money,negative
Normal product,neutral
Very happy with the service,positive
Extremely disappointed,negative
Fine for now,positive
Very happy with the service,positive
I hate this,negative
It works,neutral
Highly recommended,positive
Poor quality,negative
As expected,neutral
I love this product,positive
Completely useless,negative
Nothing special,negative
Best decision ever,positive
Very bad experience,negative
Average experience,neutral
Best decision ever,positive
Poor quality,negative
No strong opinion,positive
Super satisfied,positive
Extremely disappointed,negative
As expected,neutral
I love this product,positive
Completely useless,negative
As expected,neutral
Absolutely fantastic experience,positive
Waste of money,negative
Normal product,neutral
Super satisfied,positive
Waste of money,negative
Acceptable quality,positive
Best decision ever,positive
Completely useless,negative
Average experience,neutral
Great quality and performance,positive
Poor quality,negative
No strong opinion,positive
Absolutely fantastic experience,positive
Waste of money,negative
Just okay,positive
Excellent support team,positive
Extremely disappointed,negative
Normal product,neutral
Absolutely fantastic experience,positive
Extremely disappointed,negative
This is okay,positive
Absolutely fantastic experience,positive
Very unhappy,negative
Nothing special,negative
Highly recommended,positive
I hate this,negative
Nothing special,negative
Excellent support team,positive
Extremely disappointed,negative
Nothing special,negative
Excellent support team,positive
Extremely disappointed,negative
Nothing special,negative
I love this product,positive
Not recommended,negative
Just okay,positive
Highly recommended,positive
I hate this,negative
Average experience,neutral
I love this product,positive
Completely useless,negative
Acceptable quality,positive
Best decision ever,positive
Poor quality,negative
It works,neutral
Highly recommended,positive
Terrible product,negative
As expected,neutral
Works perfectly,positive
Waste of money,negative
As expected,neutral
Absolutely fantastic experience,positive
Waste of money,negative
Just okay,positive
Super satisfied,positive
Very unhappy,negative
Average experience,neutral
Super satisfied,positive
Extremely disappointed,negative
Acceptable quality,positive
Highly recommended,positive
Not recommended,negative
Average experience,neutral
This is amazing,positive
Extremely disappointed,negative
Normal product,neutral
Excellent support team,positive
Terrible product,negative
It works,neutral
Best decision ever,positive
Very unhappy,negative
Normal product,neutral
Great quality and performance,positive
Worst service ever,negative
Normal product,neutral
Great quality and performance,positive
Extremely disappointed,negative
Just okay,positive
Best decision ever,positive
I hate this,negative
This is okay,positive
Highly recommended,positive
Completely useless,negative
It works,neutral
Absolutely fantastic experience,positive
Worst service ever,negative
Nothing special,negative
Super satisfied,positive
Not recommended,negative
Fine for now,positive
Best decision ever,positive
Extremely disappointed,negative
Fine for now,positive
Very happy with the service,positive
Poor quality,negative
Acceptable quality,positive
Highly recommended,positive
I hate this,negative
Just okay,positive
I love this product,positive
I hate this,negative
Average experience,neutral
Great quality and performance,positive
Not recommended,negative
Acceptable quality,positive
Excellent support team,positive
Very unhappy,negative
Average experience,neutral
I love this product,positive
Terrible product,negative
It works,neutral
Great quality and performance,positive
Very unhappy,negative
This is okay,positive
Best decision ever,positive
Completely useless,negative
Normal product,neutral
Highly recommended,positive
Very bad experience,negative
Average experience,neutral
Works perfectly,positive
Very bad experience,negative
As expected,neutral
Super satisfied,positive
Worst service ever,negative
Nothing special,negative
Super satisfied,positive
Not recommended,negative
Average experience,neutral
Great quality and performance,positive
Terrible product,negative
Acceptable quality,positive
Excellent support team,positive
Worst service ever,negative
Nothing special,negative
I love this product,positive
Not recommended,negative
Acceptable quality,positive
Works perfectly,positive
Very unhappy,negative
It works,neutral
I love this product,positive
Terrible product,negative
This is okay,positive
Best decision ever,positive
Worst service ever,negative
Acceptable quality,positive
Great quality and performance,positive
Extremely disappointed,negative
No strong opinion,positive
Works perfectly,positive
Not recommended,negative
Just okay,positive
I love this product,positive
Extremely disappointed,negative
This is okay,positive
Best decision ever,positive
Completely useless,negative
It works,neutral
Highly recommended,positive
Worst service ever,negative
Just okay,positive
Super satisfied,positive
I hate this,negative
No strong opinion,positive
This is amazing,positive
Worst service ever,negative
This is okay,positive
Very happy with the service,positive
Not recommended,negative
Fine for now,positive
Highly recommended,positive
I hate this,negative
Nothing special,negative
Great quality and performance,positive
I hate this,negative
This is okay,positive
This is amazing,positive
Terrible product,negative
It works,neutral
Super satisfied,positive
Very bad experience,negative
Normal product,neutral
Very happy with the service,positive
Waste of money,negative
Just okay,positive
I love this product,positive
Poor quality,negative
Normal product,neutral
Great quality and performance,positive
Terrible product,negative
Normal product,neutral
I love this product,positive
Poor quality,negative
Just okay,positive
This is amazing,positive
Very unhappy,negative
Normal product,neutral
Super satisfied,positive
Poor quality,negative
It works,neutral
Excellent support team,positive
Waste of money,negative
Nothing special,negative
Works perfectly,positive
Completely useless,negative
Just okay,positive
Great quality and performance,positive
Very unhappy,negative
Fine for now,positive
Very happy with the service,positive
Not recommended,negative
No strong opinion,positive
Works perfectly,positive
Poor quality,negative
It works,neutral
Excellent support team,positive
Not recommended,negative
Just okay,positive
This is amazing,positive
Extremely disappointed,negative
No strong opinion,positive
Very happy with the service,positive
Very unhappy,negative
Fine for now,positive
This is amazing,positive
Completely useless,negative
Fine for now,positive
Great quality and performance,positive
Extremely disappointed,negative
Just okay,positive
Very happy with the service,positive
Poor quality,negative
No strong opinion,positive
Excellent support team,positive
Extremely disappointed,negative
Nothing special,negative
Excellent support team,positive
Worst service ever,negative
Acceptable quality,positive
Very happy with the service,positive
Completely useless,negative
Fine for now,positive
Super satisfied,positive
Terrible product,negative
As expected,neutral
Works perfectly,positive
Extremely disappointed,negative
This is okay,positive
Best decision ever,positive
Poor quality,negative
This is okay,positive
Excellent support team,positive
Waste of money,negative
Acceptable quality,positive
Very happy with the service,positive
Very unhappy,negative
This is okay,positive
Works perfectly,positive
Waste of money,negative
Nothing special,negative
Absolutely fantastic experience,positive
Completely useless,negative
No strong opinion,positive
Best decision ever,positive
Poor quality,negative
Acceptable quality,positive
Excellent support team,positive
Poor quality,negative
Fine for now,positive
Highly recommended,positive
Poor quality,negative
Normal product,neutral
Absolutely fantastic experience,positive
Worst service ever,negative
Normal product,neutral
I love this product,positive
Waste of money,negative
No strong opinion,positive
Absolutely fantastic experience,positive
Not recommended,negative
As expected,neutral
Excellent support team,positive
Extremely disappointed,negative
Average experience,neutral
Super satisfied,positive
Not recommended,negative
No strong opinion,positive
Absolutely fantastic experience,positive
Not recommended,negative
Acceptable quality,positive
I love this product,positive
Very bad experience,negative
No strong opinion,positive
Best decision ever,positive
Extremely disappointed,negative
As expected,neutral
Super satisfied,positive
Poor quality,negative
Nothing special,negative
Best decision ever,positive
Very bad experience,negative
No strong opinion,positive
I love this product,positive
Extremely disappointed,negative
Acceptable quality,positive
Best decision ever,positive
Very bad experience,negative
No strong opinion,positive
Best decision ever,positive
Not recommended,negative
As expected,neutral
I love this product,positive
Worst service ever,negative
Normal product,neutral
Excellent support team,positive
Terrible product,negative
It works,neutral
I love this product,positive
Extremely disappointed,negative
Fine for now,positive
Great quality and performance,positive
Extremely disappointed,negative
Fine for now,positive
Great quality and performance,positive
Not recommended,negative
Fine for now,positive
Excellent support team,positive
I hate this,negative
It works,neutral
I love this product,positive
Worst service ever,negative
Nothing special,negative
Super satisfied,positive
Extremely disappointed,negative
Nothing special,negative
Highly recommended,positive
Very bad experience,negative
Average experience,neutral
Excellent support team,positive
Completely useless,negative
Acceptable quality,positive
I love this product,positive
Not recommended,negative
Acceptable quality,positive
Absolutely fantastic experience,positive
Terrible product,negative
No strong opinion,positive
Excellent support team,positive
I hate this,negative
Nothing special,negative
Best decision ever,positive
Extremely disappointed,negative
Normal product,neutral
Very happy with the service,positive
Extremely disappointed,negative
Just okay,positive
Works perfectly,positive
I hate this,negative
This is okay,positive
Very happy with the service,positive
Poor quality,negative
It works,neutral
This is amazing,positive
Extremely disappointed,negative
Fine for now,positive
Absolutely fantastic experience,positive
Very unhappy,negative
Normal product,neutral
Excellent support team,positive
Very bad experience,negative
It works,neutral
Best decision ever,positive
I hate this,negative
As expected,neutral
Super satisfied,positive
Extremely disappointed,negative
Acceptable quality,positive
Highly recommended,positive
Very bad experience,negative
It works,neutral
I love this product,positive
Not recommended,negative
Acceptable quality,positive
This is amazing,positive
I hate this,negative
No strong opinion,positive
Works perfectly,positive
Extremely disappointed,negative
Fine for now,positive
Best decision ever,positive
Very bad experience,negative
This is okay,positive
Very happy with the service,positive
Terrible product,negative
No strong opinion,positive
Excellent support team,positive
Completely useless,negative
This is okay,positive
Excellent support team,positive
Not recommended,negative
This is okay,positive
Excellent support team,positive
I hate this,negative
Fine for now,positive
Excellent support team,positive
Very bad experience,negative
This is okay,positive
Highly recommended,positive
Not recommended,negative
Fine for now,positive
I love this product,positive
Completely useless,negative
Average experience,neutral
This is amazing,positive
Extremely disappointed,negative
No strong opinion,positive
Super satisfied,positive
Not recommended,negative
It works,neutral
Very happy with the service,positive
Extremely disappointed,negative
As expected,neutral
Highly recommended,positive
Waste of money,negative
Just okay,positive
Best decision ever,positive
Worst service ever,negative
It works,neutral
Great quality and performance,positive
Very bad experience,negative
Average experience,neutral
Great quality and performance,positive
Poor quality,negative
Normal product,neutral
Best decision ever,positive
Not recommended,negative
Normal product,neutral
Absolutely fantastic experience,positive
Worst service ever,negative
Acceptable quality,positive
This is amazing,positive
Very unhappy,negative
Just okay,positive
Great quality and performance,positive
Very bad experience,negative
Just okay,positive
I love this product,positive
Terrible product,negative
It works,neutral
I love this product,positive
Completely useless,negative
Normal product,neutral
I love this product,positive
Poor quality,negative
Average experience,neutral
Absolutely fantastic experience,positive
I hate this,negative
No strong opinion,positive
Excellent support team,positive
Extremely disappointed,negative
It works,neutral
Highly recommended,positive
Very unhappy,negative
No strong opinion,positive
Best decision ever,positive
Terrible product,negative
No strong opinion,positive
Absolutely fantastic experience,positive
Waste of money,negative
It works,neutral
Very happy with the service,positive
Very unhappy,negative
Normal product,neutral
Absolutely fantastic experience,positive
Not recommended,negative
Normal product,neutral
Best decision ever,positive
Not recommended,negative
Nothing special,negative
Best decision ever,positive
Very unhappy,negative
Nothing special,negative
Super satisfied,positive
Very bad experience,negative
Nothing special,negative
Works perfectly,positive
Poor quality,negative
As expected,neutral
Highly recommended,positive
Not recommended,negative
Just okay,positive
This is amazing,positive
Poor quality,negative
No strong opinion,positive
Excellent support team,positive
Worst service ever,negative
Normal product,neutral
Works perfectly,positive
I hate this,negative
Fine for now,positive
Excellent support team,positive
Poor quality,negative
As expected,neutral
Excellent support team,positive
Very unhappy,negative
This is okay,positive
Super satisfied,positive
Completely useless,negative
Nothing special,negative
Best decision ever,positive
Not recommended,negative
No strong opinion,positive
Works perfectly,positive
Extremely disappointed,negative
This is okay,positive
Great quality and performance,positive
Completely useless,negative
Acceptable quality,positive
Best decision ever,positive
I hate this,negative
Nothing special,negative
Great quality and performance,positive
Worst service ever,negative
It works,neutral
This is amazing,positive
Extremely disappointed,negative
This is okay,positive
Best decision ever,positive
Very unhappy,negative
It works,neutral
Very happy with the service,positive
Completely useless,negative
Acceptable quality,positive
I love this product,positive
Poor quality,negative
Nothing special,negative
I love this product,positive
Extremely disappointed,negative
Normal product,neutral
Great quality and performance,positive
Poor quality,negative
This is okay,positive
I love this product,positive
Extremely disappointed,negative
Acceptable quality,positive
I love this product,positive
Completely useless,negative
Fine for now,positive
Works perfectly,positive
Very bad experience,negative
Average experience,neutral
Highly recommended,positive
I hate this,negative
As expected,neutral
Excellent support team,positive
Terrible product,negative
Normal product,neutral
Highly recommended,positive
Very bad experience,negative
This is okay,positive
Very happy with the service,positive
I hate this,negative
Fine for now,positive
This is amazing,positive
Completely useless,negative
As expected,neutral
I love this product,positive
Extremely disappointed,negative
Nothing special,negative
Excellent support team,positive
Extremely disappointed,negative
Fine for now,positive
Super satisfied,positive
Worst service ever,negative
As expected,neutral
Very happy with the service,positive
Not recommended,negative
This is okay,positive
Works perfectly,positive
I hate this,negative
Average experience,neutral
Excellent support team,positive
Poor quality,negative
Average experience,neutral
Works perfectly,positive
Poor quality,negative
Nothing special,negative
Great quality and performance,positive
Very bad experience,negative
Acceptable quality,positive
Absolutely fantastic experience,positive
Very unhappy,negative
This is okay,positive
Super satisfied,positive
Poor quality,negative
It works,neutral
Absolutely fantastic experience,positive
Worst service ever,negative
Normal product,neutral
Great quality and performance,positive
Poor quality,negative
Acceptable quality,positive
I love this product,positive
Not recommended,negative
It works,neutral
Works perfectly,positive
Completely useless,negative
Just okay,positive
Absolutely fantastic experience,positive
Very unhappy,negative
It works,neutral
Best decision ever,positive
Worst service ever,negative
Acceptable quality,positive
Highly recommended,positive
Not recommended,negative
It works,neutral
Very happy with the service,positive
Very bad experience,negative
Fine for now,positive
Very happy with the service,positive
Waste of money,negative
It works,neutral
Best decision ever,positive
Very unhappy,negative
It works,neutral
Highly recommended,positive
Terrible product,negative
As expected,neutral
Highly recommended,positive
Not recommended,negative
Normal product,neutral
Best decision ever,positive
I hate this,negative
No strong opinion,positive
Absolutely fantastic experience,positive
Terrible product,negative
Normal product,neutral
I love this product,positive
Terrible product,negative
Fine for now,positive
Works perfectly,positive
Waste of money,negative
This is okay,positive
Works perfectly,positive
Extremely disappointed,negative
As expected,neutral
Absolutely fantastic experience,positive
Very unhappy,negative
As expected,neutral
Absolutely fantastic experience,positive
Very bad experience,negative
This is okay,positive
Excellent support team,positive
I hate this,negative
Average experience,neutral
Great quality and performance,positive
Very bad experience,negative
As expected,neutral
Best decision ever,positive
Poor quality,negative
Normal product,neutral
I love this product,positive
Worst service ever,negative
Nothing special,negative
Very happy with the service,positive
Terrible product,negative
As expected,neutral
Best decision ever,positive
Terrible product,negative
As expected,neutral
Highly recommended,positive
Terrible product,negative
Just okay,positive
This is amazing,positive
Completely useless,negative
This is okay,positive
This is amazing,positive
Completely useless,negative
Normal product,neutral
Highly recommended,positive
Terrible product,negative
Average experience,neutral
I love this product,positive
Not recommended,negative
Normal product,neutral
Super satisfied,positive
Completely useless,negative
Average experience,neutral
Great quality and performance,positive
Very bad experience,negative
As expected,neutral
Great quality and performance,positive
Poor quality,negative
No strong opinion,positive
Super satisfied,positive
Poor quality,negative
Normal product,neutral
Highly recommended,positive
I hate this,negative
Nothing special,negative
Very happy with the service,positive
Waste of money,negative
Nothing special,negative
Excellent support team,positive
Extremely disappointed,negative
It works,neutral
This is amazing,positive
Not recommended,negative
No strong opinion,positive
Excellent support team,positive
Very unhappy,negative
Just okay,positive
Absolutely fantastic experience,positive
Extremely disappointed,negative
Fine for now,positive
Best decision ever,positive
Worst service ever,negative
No strong opinion,positive
Absolutely fantastic experience,positive
Terrible product,negative
This is okay,positive
Excellent support team,positive
Completely useless,negative
Normal product,neutral
Very happy with the service,positive
Not recommended,negative
Fine for now,positive
Absolutely fantastic experience,positive
I hate this,negative
Acceptable quality,positive
This is amazing,positive
Completely useless,negative
Nothing special,negative
Works perfectly,positive
Worst service ever,negative
Average experience,neutral
This is amazing,positive
I hate this,negative
Just okay,positive
Super satisfied,positive
Very unhappy,negative
Average experience,neutral
Excellent support team,positive
Very unhappy,negative
Acceptable quality,positive
Best decision ever,positive
Completely useless,negative
Just okay,positive
Great quality and performance,positive
I hate this,negative
Just okay,positive
Highly recommended,positive
Very bad experience,negative
Nothing special,negative
This is amazing,positive
Completely useless,negative
This is okay,positive
Super satisfied,positive
I hate this,negative
Acceptable quality,positive
Great quality and performance,positive
Extremely disappointed,negative
It works,neutral
Great quality and performance,positive
Poor quality,negative
Nothing special,negative
Excellent support team,positive
Very bad experience,negative
It works,neutral
I love this product,positive
I hate this,negative
Fine for now,positive
Super satisfied,positive
I hate this,negative
Fine for now,positive
Works perfectly,positive
Poor quality,negative
Just okay,positive
Highly recommended,positive
Waste of money,negative
As expected,neutral
Very happy with the service,positive
Very bad experience,negative
This is okay,positive
Highly recommended,positive
Worst service ever,negative
Just okay,positive
Best decision ever,positive
Very unhappy,negative
As expected,neutral
This is amazing,positive
Extremely disappointed,negative
As expected,neutral
Absolutely fantastic experience,positive
Poor quality,negative
Acceptable quality,positive
This is amazing,positive
Very unhappy,negative
As expected,neutral
Super satisfied,positive
Worst service ever,negative
Normal product,neutral
Great quality and performance,positive
Very unhappy,negative
Just okay,positive
Works perfectly,positive
I hate this,negative
As expected,neutral
Excellent support team,positive
I hate this,negative
Acceptable quality,positive
I love this product,positive
Waste of money,negative
Just okay,positive
Very happy with the service,positive
Very unhappy,negative
As expected,neutral
Best decision ever,positive
Waste of money,negative
Average experience,neutral
Absolutely fantastic experience,positive
Worst service ever,negative
Normal product,neutral
This is amazing,positive
Worst service ever,negative
Normal product,neutral
Excellent support team,positive
Waste of money,negative
Nothing special,negative
Works perfectly,positive
Very bad experience,negative
Just okay,positive
Absolutely fantastic experience,positive
Extremely disappointed,negative
Nothing special,negative
Best decision ever,positive
Extremely disappointed,negative
Fine for now,positive
Highly recommended,positive
I hate this,negative
Average experience,neutral
This is amazing,positive
I hate this,negative
Average experience,neutral
Great quality and performance,positive
Extremely disappointed,negative
It works,neutral
Absolutely fantastic experience,positive
Waste of money,negative
No strong opinion,positive
I love this product,positive
Very unhappy,negative
Average experience,neutral
Absolutely fantastic experience,positive
I hate this,negative
Average experience,neutral
Very happy with the service,positive
Waste of money,negative
Average experience,neutral
Super satisfied,positive
Extremely disappointed,negative
Nothing special,negative
Highly recommended,positive
Not recommended,negative
Nothing special,negative
Excellent support team,positive
Worst service ever,negative
Just okay,positive
Best decision ever,positive
Extremely disappointed,negative
This is okay,positive
Super satisfied,positive
Extremely disappointed,negative
Fine for now,positive
Works perfectly,positive
Not recommended,negative
Nothing special,negative
Absolutely fantastic experience,positive
Terrible product,negative
This is okay,positive
This is amazing,positive
Waste of money,negative
Fine for now,positive
Highly recommended,positive
Worst service ever,negative
It works,neutral
Excellent support team,positive
Very unhappy,negative
Fine for now,positive
Excellent support team,positive
Waste of money,negative
Nothing special,negative
Best decision ever,positive
Terrible product,negative
No strong opinion,positive
Best decision ever,positive
Completely useless,negative
Nothing special,negative
Highly recommended,positive
Terrible product,negative
Fine for now,positive
Works perfectly,positive
I hate this,negative
Acceptable quality,positive
Highly recommended,positive
Completely useless,negative
Nothing special,negative
I love this product,positive
Worst service ever,negative
Nothing special,negative
Great quality and performance,positive
Poor quality,negative
Normal product,neutral
Works perfectly,positive
Worst service ever,negative
As expected,neutral
Great quality and performance,positive
Worst service ever,negative
Average experience,neutral
This is amazing,positive
Very unhappy,negative
Fine for now,positive
Great quality and performance,positive
Very unhappy,negative
This is okay,positive
This is amazing,positive
Terrible product,negative
Just okay,positive
Great quality and performance,positive
Very bad experience,negative
Average experience,neutral
Works perfectly,positive
Very bad experience,negative
Acceptable quality,positive
Absolutely fantastic experience,positive
Completely useless,negative
Average experience,neutral
Absolutely fantastic experience,positive
Very unhappy,negative
Just okay,positive
Best decision ever,positive
Very unhappy,negative
It works,neutral
Works perfectly,positive
Extremely disappointed,negative
Just okay,positive
This is amazing,positive
Completely useless,negative
Acceptable quality,positive
Very happy with the service,positive
Extremely disappointed,negative
As expected,neutral
Very happy with the service,positive
Extremely disappointed,negative
Acceptable quality,positive
Highly recommended,positive
Extremely disappointed,negative
Just okay,positive
Super satisfied,positive
Waste of money,negative
No strong opinion,positive
Works perfectly,positive
Very bad experience,negative
Just okay,positive
Highly recommended,positive
Not recommended,negative
Just okay,positive
Best decision ever,positive
Very unhappy,negative
This is okay,positive
Super satisfied,positive
Completely useless,negative
This is okay,positive
Super satisfied,positive
Poor quality,negative
Acceptable quality,positive
This is amazing,positive
Worst service ever,negative
Nothing special,negative
Works perfectly,positive
I hate this,negative
This is okay,positive
This is amazing,positive
Extremely disappointed,negative
Just okay,positive
Great quality and performance,positive
Very unhappy,negative
Just okay,positive
Excellent support team,positive
Poor quality,negative
Just okay,positive
Absolutely fantastic experience,positive
Extremely disappointed,negative
Normal product,neutral
Super satisfied,positive
Extremely disappointed,negative
It works,neutral
Great quality and performance,positive
Poor quality,negative
Just okay,positive
Great quality and performance,positive
I hate this,negative
As expected,neutral
Excellent support team,positive
Worst service ever,negative
Normal product,neutral
I love this product,positive
Terrible product,negative
It works,neutral
Very happy with the service,positive
Completely useless,negative
Normal product,neutral
Very happy with the service,positive
Worst service ever,negative
Fine for now,positive
Highly recommended,positive
Very bad experience,negative
Just okay,positive
This is amazing,positive
Poor quality,negative
Average experience,neutral
Best decision ever,positive
I hate this,negative
It works,neutral
Absolutely fantastic experience,positive
Very bad experience,negative
Acceptable quality,positive
Very happy with the service,positive
Very unhappy,negative
It works,neutral
This is amazing,positive
Very unhappy,negative
Nothing special,negative
Absolutely fantastic experience,positive
Extremely disappointed,negative
This is okay,positive
Super satisfied,positive
Terrible product,negative
As expected,neutral
I love this product,positive
Not recommended,negative
Just okay,positive
Highly recommended,positive
I hate this,negative
Nothing special,negative
Super satisfied,positive
Terrible product,negative
As expected,neutral
Highly recommended,positive
Very bad experience,negative
Acceptable quality,positive
I love this product,positive
Not recommended,negative
As expected,neutral
Absolutely fantastic experience,positive
Not recommended,negative
As expected,neutral
Great quality and performance,positive
Poor quality,negative
Just okay,positive
Best decision ever,positive
Worst service ever,negative
No strong opinion,positive
Super satisfied,positive
Terrible product,negative
Acceptable quality,positive
Excellent support team,positive
Very bad experience,negative
Normal product,neutral
This is amazing,positive
Very bad experience,negative
As expected,neutral
I love this product,positive
Extremely disappointed,negative
Nothing special,negative
Very happy with the service,positive
Very unhappy,negative
Normal product,neutral
Very happy with the service,positive
Waste of money,negative
Normal product,neutral
Highly recommended,positive
Not recommended,negative
No strong opinion,positive
Absolutely fantastic experience,positive
Waste of money,negative
Nothing special,negative
This is amazing,positive
Completely useless,negative
It works,neutral
Very happy with the service,positive
Worst service ever,negative
As expected,neutral
I love this product,positive
Worst service ever,negative
Nothing special,negative
Great quality and performance,positive
Completely useless,negative
Just okay,positive
Great quality and performance,positive
I hate this,negative
As expected,neutral
I love this product,positive
Completely useless,negative
It works,neutral
Highly recommended,positive
Worst service ever,negative
It works,neutral
Absolutely fantastic experience,positive
Not recommended,negative
Fine for now,positive
Very happy with the service,positive
Waste of money,negative
This is okay,positive
Super satisfied,positive
Not recommended,negative
This is okay,positive
Very happy with the service,positive
Extremely disappointed,negative
Normal product,neutral
